{
  "booking": [
    {
      "id": 365,
      "hotel_name": "The Orchid Hotel",
      "name": "Aakash",
      "phone": "897878",
      "count": "2"
    },
    {
      "id": 132,
      "hotel_name": "Snow Bliss",
      "name": "Nikita",
      "phone": "8789798789",
      "count": "3"
    },
    {
      "id": 706,
      "hotel_name": "DoubleTree by Hilton",
      "name": "Bhumika",
      "phone": "90789789798",
      "count": "1"
    }
  ],
  "location":[
    {
      "_id": 1,
      "city_name": "Delhi",
      "city": 1,
      "country_name": "India"
    },
    {
      "_id": 3,
      "city_name": "Pune",
      "city": 3,
      "country_name": "India"
    },
    {
      "_id": 2,
      "city_name": "Mumbai",
      "city": 2,
      "country_name": "India"
    },
    {
      "_id": 4,
      "city_name": "Chandigarh",
      "city": 4,
      "country_name": "India"
    },
    {
      "_id": 5,
      "city_name": "Goa",
      "city": 5,
      "country_name": "India"
    },
    {
      "_id": 6,
      "city_name": "Manali",
      "city": 6,
      "country_name": "India"
    }
  ],
  "hotels":[
    {
      
    }
  ]
}